timestamp,event_type,description
2023-06-19T03:27:50Z,WARNING,User clicked on button
2023-06-19T03:27:51Z,INFO,Invalid login attempt detected
2023-06-19T03:27:52Z,WARNING,Page loaded
2023-06-19T03:27:53Z,INFO,Page loaded
2023-06-19T03:27:54Z,INFO,User clicked on button
2023-06-19T03:27:55Z,WARNING,Database connection failed
2023-06-19T03:27:56Z,ERROR,Account created successfully
2023-06-19T03:27:57Z,INFO,User logged out
2023-06-19T03:27:58Z,WARNING,User logged in
2023-06-19T03:27:59Z,INFO,Page loaded
2023-06-19T03:28:00Z,ERROR,Database connection failed
2023-06-19T03:28:01Z,ERROR,Failed to fetch data from API
2023-06-19T03:28:02Z,INFO,Invalid input received
2023-06-19T03:28:03Z,ERROR,User logged in
2023-06-19T03:28:04Z,WARNING,Account created successfully
2023-06-19T03:28:05Z,INFO,User clicked on button
2023-06-19T03:28:06Z,WARNING,User logged in
2023-06-19T03:28:07Z,WARNING,Page loaded
2023-06-19T03:28:08Z,ERROR,Failed to fetch data from API
2023-06-19T03:28:09Z,ERROR,User clicked on button
2023-06-19T03:28:10Z,INFO,Failed to fetch data from API
2023-06-19T03:28:11Z,WARNING,Database connection failed
2023-06-19T03:28:12Z,WARNING,Account created successfully
2023-06-19T03:28:13Z,WARNING,Invalid login attempt detected
2023-06-19T03:28:14Z,ERROR,Page loaded
2023-06-19T03:28:15Z,INFO,User registration initiated
2023-06-19T03:28:16Z,WARNING,User logged out
2023-06-19T03:28:17Z,INFO,Password reset email sent
2023-06-19T03:28:18Z,INFO,User registration initiated
2023-06-19T03:28:19Z,ERROR,Page loaded
2023-06-19T03:28:20Z,WARNING,Account created successfully
2023-06-19T03:28:21Z,INFO,Password reset email sent
2023-06-19T03:28:22Z,ERROR,User logged out
2023-06-19T03:28:23Z,ERROR,Payment processing failed
2023-06-19T03:28:24Z,ERROR,Page loaded
2023-06-19T03:28:25Z,ERROR,User registration initiated
2023-06-19T03:28:26Z,INFO,Invalid input received
2023-06-19T03:28:27Z,ERROR,Failed to fetch data from API
2023-06-19T03:28:28Z,INFO,Invalid login attempt detected
2023-06-19T03:28:29Z,ERROR,Database connection failed
2023-06-19T03:28:30Z,INFO,User logged out
2023-06-19T03:28:31Z,ERROR,Page loaded
2023-06-19T03:28:32Z,ERROR,User registration initiated
2023-06-19T03:28:33Z,ERROR,User logged out
2023-06-19T03:28:34Z,INFO,Password reset email sent
2023-06-19T03:28:35Z,ERROR,User registration initiated
2023-06-19T03:28:36Z,WARNING,User clicked on button
2023-06-19T03:28:37Z,WARNING,Database connection failed
2023-06-19T03:28:38Z,ERROR,Password reset email sent
2023-06-19T03:28:39Z,WARNING,Page loaded
2023-06-19T03:28:40Z,INFO,User clicked on button
2023-06-19T03:28:41Z,INFO,Database connection failed
2023-06-19T03:28:42Z,WARNING,Database connection failed
2023-06-19T03:28:43Z,WARNING,User clicked on button
2023-06-19T03:28:44Z,INFO,Password reset email sent
2023-06-19T03:28:45Z,ERROR,Database connection failed
2023-06-19T03:28:46Z,ERROR,User logged out
2023-06-19T03:28:47Z,WARNING,Invalid input received
2023-06-19T03:28:48Z,INFO,User logged out
2023-06-19T03:28:49Z,ERROR,User clicked on button
2023-06-19T03:28:50Z,INFO,Invalid input received
2023-06-19T03:28:51Z,ERROR,User logged out
2023-06-19T03:28:52Z,ERROR,Invalid input received
2023-06-19T03:28:53Z,WARNING,Payment processing failed
2023-06-19T03:28:54Z,ERROR,Database connection failed
2023-06-19T03:28:55Z,ERROR,Invalid login attempt detected
2023-06-19T03:28:56Z,ERROR,Invalid input received
2023-06-19T03:28:57Z,ERROR,User logged out
2023-06-19T03:28:58Z,INFO,User logged out
2023-06-19T03:28:59Z,INFO,User logged in
2023-06-19T03:29:00Z,INFO,Payment processing failed
2023-06-19T03:29:01Z,WARNING,Invalid login attempt detected
2023-06-19T03:29:02Z,INFO,Payment processing failed
2023-06-19T03:29:03Z,WARNING,User clicked on button
2023-06-19T03:29:04Z,INFO,Payment processing failed
2023-06-19T03:29:05Z,WARNING,Invalid login attempt detected
2023-06-19T03:29:06Z,WARNING,User clicked on button
2023-06-19T03:29:07Z,WARNING,Failed to fetch data from API
2023-06-19T03:29:08Z,ERROR,User clicked on button
2023-06-19T03:29:09Z,ERROR,Invalid login attempt detected
2023-06-19T03:29:10Z,ERROR,Invalid input received
2023-06-19T03:29:11Z,INFO,Invalid input received
2023-06-19T03:29:12Z,INFO,Invalid input received
2023-06-19T03:29:13Z,WARNING,Database connection failed
2023-06-19T03:29:14Z,WARNING,Failed to fetch data from API
2023-06-19T03:29:15Z,INFO,Failed to fetch data from API
2023-06-19T03:29:16Z,ERROR,Failed to fetch data from API
2023-06-19T03:29:17Z,INFO,User registration initiated
2023-06-19T03:29:18Z,ERROR,Account created successfully
2023-06-19T03:29:19Z,INFO,User logged out
2023-06-19T03:29:20Z,ERROR,Account created successfully
2023-06-19T03:29:21Z,INFO,User logged in
2023-06-19T03:29:22Z,INFO,Payment processing failed
2023-06-19T03:29:23Z,INFO,User registration initiated
2023-06-19T03:29:24Z,INFO,User logged in
2023-06-19T03:29:25Z,INFO,User registration initiated
2023-06-19T03:29:26Z,WARNING,Account created successfully
2023-06-19T03:29:27Z,INFO,User clicked on button
2023-06-19T03:29:28Z,INFO,Database connection failed
2023-06-19T03:29:29Z,WARNING,User registration initiated
2023-06-19T03:29:30Z,INFO,Payment processing failed
2023-06-19T03:29:31Z,ERROR,Payment processing failed
2023-06-19T03:29:32Z,INFO,Account created successfully
2023-06-19T03:29:33Z,ERROR,Invalid input received
2023-06-19T03:29:34Z,INFO,User registration initiated
2023-06-19T03:29:35Z,WARNING,Account created successfully
2023-06-19T03:29:36Z,WARNING,User logged in
2023-06-19T03:29:37Z,WARNING,Account created successfully
2023-06-19T03:29:38Z,ERROR,User registration initiated
2023-06-19T03:29:39Z,INFO,Invalid input received
2023-06-19T03:29:40Z,WARNING,User logged out
2023-06-19T03:29:41Z,ERROR,Page loaded
2023-06-19T03:29:42Z,INFO,User clicked on button
2023-06-19T03:29:43Z,WARNING,User clicked on button
2023-06-19T03:29:44Z,INFO,Database connection failed
2023-06-19T03:29:45Z,ERROR,User logged out
2023-06-19T03:29:46Z,INFO,Page loaded
2023-06-19T03:29:47Z,WARNING,User logged out
2023-06-19T03:29:48Z,ERROR,User clicked on button
2023-06-19T03:29:49Z,ERROR,User logged in
2023-06-19T03:29:50Z,ERROR,Account created successfully
2023-06-19T03:29:51Z,ERROR,Invalid input received
2023-06-19T03:29:52Z,WARNING,Invalid login attempt detected
2023-06-19T03:29:53Z,ERROR,Failed to fetch data from API
2023-06-19T03:29:54Z,INFO,Database connection failed
2023-06-19T03:29:55Z,INFO,Account created successfully
2023-06-19T03:29:56Z,INFO,Account created successfully
2023-06-19T03:29:57Z,INFO,User logged out
2023-06-19T03:29:58Z,ERROR,Payment processing failed
2023-06-19T03:29:59Z,WARNING,User clicked on button
2023-06-19T03:30:00Z,INFO,Password reset email sent
2023-06-19T03:30:01Z,WARNING,User registration initiated
2023-06-19T03:30:02Z,ERROR,User logged out
2023-06-19T03:30:03Z,ERROR,User logged out
2023-06-19T03:30:04Z,ERROR,User logged out
2023-06-19T03:30:05Z,INFO,User clicked on button
2023-06-19T03:30:06Z,ERROR,User clicked on button
2023-06-19T03:30:07Z,INFO,Password reset email sent
2023-06-19T03:30:08Z,WARNING,User logged out
2023-06-19T03:30:09Z,ERROR,Password reset email sent
2023-06-19T03:30:10Z,INFO,User clicked on button
2023-06-19T03:30:11Z,INFO,User registration initiated
2023-06-19T03:30:12Z,INFO,User registration initiated
2023-06-19T03:30:13Z,INFO,User logged in
2023-06-19T03:30:14Z,WARNING,User logged in
2023-06-19T03:30:15Z,WARNING,Invalid login attempt detected
2023-06-19T03:30:16Z,WARNING,User clicked on button
2023-06-19T03:30:17Z,ERROR,User logged out
2023-06-19T03:30:18Z,ERROR,Account created successfully
2023-06-19T03:30:19Z,ERROR,Database connection failed
2023-06-19T03:30:20Z,INFO,Page loaded
2023-06-19T03:30:21Z,WARNING,Database connection failed
2023-06-19T03:30:22Z,WARNING,Account created successfully
2023-06-19T03:30:23Z,ERROR,Failed to fetch data from API
2023-06-19T03:30:24Z,WARNING,User registration initiated
2023-06-19T03:30:25Z,ERROR,Account created successfully
2023-06-19T03:30:26Z,INFO,User registration initiated
2023-06-19T03:30:27Z,ERROR,Page loaded
2023-06-19T03:30:28Z,ERROR,User registration initiated
2023-06-19T03:30:29Z,ERROR,Account created successfully
2023-06-19T03:30:30Z,INFO,Password reset email sent
2023-06-19T03:30:31Z,WARNING,Failed to fetch data from API
2023-06-19T03:30:32Z,WARNING,Page loaded
2023-06-19T03:30:33Z,INFO,User clicked on button
2023-06-19T03:30:34Z,WARNING,Invalid login attempt detected
2023-06-19T03:30:35Z,WARNING,User logged in
2023-06-19T03:30:36Z,INFO,Invalid login attempt detected
2023-06-19T03:30:37Z,INFO,User logged out
2023-06-19T03:30:38Z,WARNING,Account created successfully
2023-06-19T03:30:39Z,ERROR,User clicked on button
2023-06-19T03:30:40Z,INFO,Payment processing failed
2023-06-19T03:30:41Z,WARNING,User clicked on button
2023-06-19T03:30:42Z,ERROR,Failed to fetch data from API
2023-06-19T03:30:43Z,WARNING,User clicked on button
2023-06-19T03:30:44Z,INFO,Account created successfully
2023-06-19T03:30:45Z,WARNING,User logged in
2023-06-19T03:30:46Z,ERROR,Payment processing failed
2023-06-19T03:30:47Z,ERROR,User logged out
2023-06-19T03:30:48Z,WARNING,Invalid input received
2023-06-19T03:30:49Z,INFO,Payment processing failed
2023-06-19T03:30:50Z,INFO,User registration initiated
2023-06-19T03:30:51Z,WARNING,User registration initiated
2023-06-19T03:30:52Z,WARNING,Failed to fetch data from API
2023-06-19T03:30:53Z,WARNING,Payment processing failed
2023-06-19T03:30:54Z,WARNING,Password reset email sent
2023-06-19T03:30:55Z,WARNING,Payment processing failed
2023-06-19T03:30:56Z,INFO,Page loaded
2023-06-19T03:30:57Z,INFO,User logged out
2023-06-19T03:30:58Z,ERROR,Payment processing failed
2023-06-19T03:30:59Z,INFO,Payment processing failed
2023-06-19T03:31:00Z,INFO,User clicked on button
2023-06-19T03:31:01Z,ERROR,User logged in
2023-06-19T03:31:02Z,INFO,Invalid input received
2023-06-19T03:31:03Z,WARNING,Invalid input received
2023-06-19T03:31:04Z,WARNING,User registration initiated
2023-06-19T03:31:05Z,WARNING,Password reset email sent
2023-06-19T03:31:06Z,WARNING,Database connection failed
2023-06-19T03:31:07Z,ERROR,Page loaded
2023-06-19T03:31:08Z,WARNING,User clicked on button
2023-06-19T03:31:09Z,ERROR,Database connection failed
2023-06-19T03:31:10Z,ERROR,Invalid login attempt detected
2023-06-19T03:31:11Z,WARNING,Account created successfully
2023-06-19T03:31:12Z,WARNING,User clicked on button
2023-06-19T03:31:13Z,INFO,Failed to fetch data from API
2023-06-19T03:31:14Z,INFO,Payment processing failed
2023-06-19T03:31:15Z,ERROR,User clicked on button
2023-06-19T03:31:16Z,ERROR,User clicked on button
2023-06-19T03:31:17Z,INFO,User logged out
2023-06-19T03:31:18Z,ERROR,User clicked on button
2023-06-19T03:31:19Z,ERROR,Page loaded
2023-06-19T03:31:20Z,INFO,Invalid login attempt detected
2023-06-19T03:31:21Z,ERROR,Failed to fetch data from API
2023-06-19T03:31:22Z,ERROR,Payment processing failed
2023-06-19T03:31:23Z,INFO,Database connection failed
2023-06-19T03:31:24Z,INFO,User clicked on button
2023-06-19T03:31:25Z,WARNING,Password reset email sent
2023-06-19T03:31:26Z,ERROR,User logged in
2023-06-19T03:31:27Z,INFO,User logged out
2023-06-19T03:31:28Z,INFO,Payment processing failed
2023-06-19T03:31:29Z,ERROR,User logged out
2023-06-19T03:31:30Z,WARNING,Invalid input received
2023-06-19T03:31:31Z,INFO,Database connection failed
2023-06-19T03:31:32Z,WARNING,User clicked on button
2023-06-19T03:31:33Z,WARNING,User registration initiated
2023-06-19T03:31:34Z,ERROR,User registration initiated
2023-06-19T03:31:35Z,ERROR,User clicked on button
2023-06-19T03:31:36Z,WARNING,Page loaded
2023-06-19T03:31:37Z,INFO,Payment processing failed
2023-06-19T03:31:38Z,INFO,Payment processing failed
2023-06-19T03:31:39Z,WARNING,Database connection failed
2023-06-19T03:31:40Z,WARNING,Invalid input received
2023-06-19T03:31:41Z,INFO,User logged out
2023-06-19T03:31:42Z,WARNING,Payment processing failed
2023-06-19T03:31:43Z,WARNING,Account created successfully
2023-06-19T03:31:44Z,WARNING,User clicked on button
2023-06-19T03:31:45Z,WARNING,Payment processing failed
2023-06-19T03:31:46Z,INFO,User logged in
2023-06-19T03:31:47Z,ERROR,Database connection failed
2023-06-19T03:31:48Z,WARNING,Invalid input received
2023-06-19T03:31:49Z,WARNING,User logged out
2023-06-19T03:31:50Z,ERROR,User logged out
2023-06-19T03:31:51Z,ERROR,Database connection failed
2023-06-19T03:31:52Z,WARNING,User logged in
2023-06-19T03:31:53Z,WARNING,User clicked on button
2023-06-19T03:31:54Z,ERROR,User registration initiated
2023-06-19T03:31:55Z,INFO,Invalid input received
2023-06-19T03:31:56Z,ERROR,Payment processing failed
2023-06-19T03:31:57Z,ERROR,Payment processing failed
2023-06-19T03:31:58Z,INFO,Invalid login attempt detected
2023-06-19T03:31:59Z,ERROR,Page loaded
2023-06-19T03:32:00Z,WARNING,Page loaded
2023-06-19T03:32:01Z,INFO,User registration initiated
2023-06-19T03:32:02Z,ERROR,User registration initiated
2023-06-19T03:32:03Z,INFO,Invalid login attempt detected
2023-06-19T03:32:04Z,WARNING,Payment processing failed
2023-06-19T03:32:05Z,INFO,User registration initiated
2023-06-19T03:32:06Z,ERROR,Database connection failed
2023-06-19T03:32:07Z,WARNING,Failed to fetch data from API
2023-06-19T03:32:08Z,WARNING,Invalid login attempt detected
2023-06-19T03:32:09Z,INFO,User clicked on button
2023-06-19T03:32:10Z,ERROR,User clicked on button
2023-06-19T03:32:11Z,INFO,Account created successfully
2023-06-19T03:32:12Z,WARNING,Failed to fetch data from API
2023-06-19T03:32:13Z,INFO,User logged in
2023-06-19T03:32:14Z,ERROR,User registration initiated
2023-06-19T03:32:15Z,INFO,Database connection failed
2023-06-19T03:32:16Z,WARNING,Payment processing failed
2023-06-19T03:32:17Z,WARNING,Database connection failed
2023-06-19T03:32:18Z,ERROR,Account created successfully
2023-06-19T03:32:19Z,INFO,Invalid input received
2023-06-19T03:32:20Z,ERROR,Account created successfully
2023-06-19T03:32:21Z,WARNING,Page loaded
2023-06-19T03:32:22Z,INFO,Password reset email sent
2023-06-19T03:32:23Z,ERROR,Payment processing failed
2023-06-19T03:32:24Z,INFO,User logged out
2023-06-19T03:32:25Z,INFO,Account created successfully
2023-06-19T03:32:26Z,WARNING,Page loaded
2023-06-19T03:32:27Z,INFO,Failed to fetch data from API
2023-06-19T03:32:28Z,WARNING,User logged out
2023-06-19T03:32:29Z,WARNING,Invalid input received
2023-06-19T03:32:30Z,INFO,Failed to fetch data from API
2023-06-19T03:32:31Z,ERROR,Password reset email sent
2023-06-19T03:32:32Z,ERROR,Failed to fetch data from API
2023-06-19T03:32:33Z,WARNING,User logged in
2023-06-19T03:32:34Z,ERROR,User registration initiated
2023-06-19T03:32:35Z,ERROR,Payment processing failed
2023-06-19T03:32:36Z,ERROR,Database connection failed
2023-06-19T03:32:37Z,ERROR,Password reset email sent
2023-06-19T03:32:38Z,INFO,User logged in
2023-06-19T03:32:39Z,INFO,Page loaded
2023-06-19T03:32:40Z,INFO,User clicked on button
2023-06-19T03:32:41Z,INFO,Page loaded
2023-06-19T03:32:42Z,ERROR,User logged in
2023-06-19T03:32:43Z,WARNING,User logged in
2023-06-19T03:32:44Z,INFO,Password reset email sent
2023-06-19T03:32:45Z,ERROR,Failed to fetch data from API
2023-06-19T03:32:46Z,ERROR,Invalid input received
2023-06-19T03:32:47Z,INFO,Invalid input received
2023-06-19T03:32:48Z,ERROR,User logged in
2023-06-19T03:32:49Z,INFO,Invalid login attempt detected
2023-06-19T03:32:50Z,INFO,Failed to fetch data from API
2023-06-19T03:32:51Z,ERROR,Invalid login attempt detected
2023-06-19T03:32:52Z,ERROR,Page loaded
2023-06-19T03:32:53Z,WARNING,User logged out
2023-06-19T03:32:54Z,WARNING,Failed to fetch data from API
2023-06-19T03:32:55Z,INFO,Payment processing failed
2023-06-19T03:32:56Z,WARNING,Password reset email sent
2023-06-19T03:32:57Z,ERROR,Invalid login attempt detected
2023-06-19T03:32:58Z,INFO,Password reset email sent
2023-06-19T03:32:59Z,WARNING,User logged in
2023-06-19T03:33:00Z,WARNING,Payment processing failed
2023-06-19T03:33:01Z,WARNING,Failed to fetch data from API
2023-06-19T03:33:02Z,INFO,Payment processing failed
2023-06-19T03:33:03Z,INFO,User clicked on button
2023-06-19T03:33:04Z,ERROR,User registration initiated
2023-06-19T03:33:05Z,ERROR,User clicked on button
2023-06-19T03:33:06Z,WARNING,User logged out
2023-06-19T03:33:07Z,WARNING,Invalid login attempt detected
2023-06-19T03:33:08Z,INFO,Database connection failed
2023-06-19T03:33:09Z,INFO,Failed to fetch data from API
2023-06-19T03:33:10Z,WARNING,Failed to fetch data from API
2023-06-19T03:33:11Z,ERROR,Password reset email sent
2023-06-19T03:33:12Z,INFO,User logged in
2023-06-19T03:33:13Z,WARNING,Payment processing failed
2023-06-19T03:33:14Z,INFO,Database connection failed
2023-06-19T03:33:15Z,WARNING,Account created successfully
2023-06-19T03:33:16Z,WARNING,Password reset email sent
2023-06-19T03:33:17Z,INFO,Invalid input received
2023-06-19T03:33:18Z,ERROR,Password reset email sent
2023-06-19T03:33:19Z,WARNING,User logged out
2023-06-19T03:33:20Z,INFO,Payment processing failed
2023-06-19T03:33:21Z,ERROR,Database connection failed
2023-06-19T03:33:22Z,ERROR,Account created successfully
2023-06-19T03:33:23Z,INFO,User clicked on button
2023-06-19T03:33:24Z,WARNING,Failed to fetch data from API
2023-06-19T03:33:25Z,WARNING,Invalid input received
2023-06-19T03:33:26Z,WARNING,User logged out
2023-06-19T03:33:27Z,ERROR,Page loaded
2023-06-19T03:33:28Z,INFO,Invalid login attempt detected
2023-06-19T03:33:29Z,ERROR,Page loaded
2023-06-19T03:33:30Z,INFO,Invalid login attempt detected
2023-06-19T03:33:31Z,INFO,User logged in
2023-06-19T03:33:32Z,ERROR,User registration initiated
2023-06-19T03:33:33Z,WARNING,Invalid input received
2023-06-19T03:33:34Z,ERROR,User logged out
2023-06-19T03:33:35Z,ERROR,User registration initiated
2023-06-19T03:33:36Z,INFO,Failed to fetch data from API
2023-06-19T03:33:37Z,WARNING,User clicked on button
2023-06-19T03:33:38Z,WARNING,User registration initiated
2023-06-19T03:33:39Z,ERROR,Payment processing failed
2023-06-19T03:33:40Z,WARNING,Invalid input received
2023-06-19T03:33:41Z,WARNING,Failed to fetch data from API
2023-06-19T03:33:42Z,INFO,Page loaded
2023-06-19T03:33:43Z,WARNING,Account created successfully
2023-06-19T03:33:44Z,ERROR,User logged in
2023-06-19T03:33:45Z,ERROR,Invalid login attempt detected
2023-06-19T03:33:46Z,WARNING,Payment processing failed
2023-06-19T03:33:47Z,ERROR,Payment processing failed
2023-06-19T03:33:48Z,WARNING,Page loaded
2023-06-19T03:33:49Z,INFO,Invalid login attempt detected
2023-06-19T03:33:50Z,WARNING,Account created successfully
2023-06-19T03:33:51Z,WARNING,Payment processing failed
2023-06-19T03:33:52Z,WARNING,User logged out
2023-06-19T03:33:53Z,WARNING,Database connection failed
2023-06-19T03:33:54Z,ERROR,Page loaded
2023-06-19T03:33:55Z,ERROR,Password reset email sent
2023-06-19T03:33:56Z,INFO,Invalid login attempt detected
2023-06-19T03:33:57Z,INFO,Account created successfully
2023-06-19T03:33:58Z,ERROR,User logged out
2023-06-19T03:33:59Z,ERROR,User logged out
2023-06-19T03:34:00Z,INFO,Invalid input received
2023-06-19T03:34:01Z,INFO,Password reset email sent
2023-06-19T03:34:02Z,ERROR,User logged out
2023-06-19T03:34:03Z,WARNING,Failed to fetch data from API
2023-06-19T03:34:04Z,INFO,Payment processing failed
2023-06-19T03:34:05Z,INFO,Invalid login attempt detected
2023-06-19T03:34:06Z,INFO,Database connection failed
2023-06-19T03:34:07Z,WARNING,Invalid login attempt detected
2023-06-19T03:34:08Z,ERROR,User clicked on button
2023-06-19T03:34:09Z,INFO,User logged in
2023-06-19T03:34:10Z,WARNING,Invalid input received
2023-06-19T03:34:11Z,ERROR,Account created successfully
2023-06-19T03:34:12Z,ERROR,Invalid login attempt detected
2023-06-19T03:34:13Z,WARNING,Page loaded
2023-06-19T03:34:14Z,INFO,User clicked on button
2023-06-19T03:34:15Z,ERROR,Payment processing failed
2023-06-19T03:34:16Z,ERROR,Payment processing failed
2023-06-19T03:34:17Z,INFO,Account created successfully
2023-06-19T03:34:18Z,WARNING,Invalid input received
2023-06-19T03:34:19Z,INFO,Password reset email sent
2023-06-19T03:34:20Z,WARNING,User logged out
2023-06-19T03:34:21Z,WARNING,Invalid input received
2023-06-19T03:34:22Z,INFO,User clicked on button
2023-06-19T03:34:23Z,WARNING,Invalid login attempt detected
2023-06-19T03:34:24Z,INFO,Invalid login attempt detected
2023-06-19T03:34:25Z,ERROR,User registration initiated
2023-06-19T03:34:26Z,INFO,User logged in
2023-06-19T03:34:27Z,WARNING,Account created successfully
2023-06-19T03:34:28Z,WARNING,Invalid input received
2023-06-19T03:34:29Z,ERROR,Database connection failed
2023-06-19T03:34:30Z,WARNING,Password reset email sent
2023-06-19T03:34:31Z,WARNING,Invalid login attempt detected
2023-06-19T03:34:32Z,INFO,User logged out
2023-06-19T03:34:33Z,ERROR,User logged out
2023-06-19T03:34:34Z,WARNING,Payment processing failed
2023-06-19T03:34:35Z,ERROR,Account created successfully
2023-06-19T03:34:36Z,ERROR,Invalid login attempt detected
2023-06-19T03:34:37Z,ERROR,Account created successfully
2023-06-19T03:34:38Z,ERROR,Payment processing failed
2023-06-19T03:34:39Z,ERROR,Payment processing failed
2023-06-19T03:34:40Z,ERROR,Database connection failed
2023-06-19T03:34:41Z,INFO,Account created successfully
2023-06-19T03:34:42Z,WARNING,User logged out
2023-06-19T03:34:43Z,ERROR,Account created successfully
2023-06-19T03:34:44Z,ERROR,Invalid input received
2023-06-19T03:34:45Z,WARNING,User logged out
2023-06-19T03:34:46Z,INFO,Failed to fetch data from API
2023-06-19T03:34:47Z,WARNING,Database connection failed
2023-06-19T03:34:48Z,INFO,Invalid input received
2023-06-19T03:34:49Z,WARNING,Database connection failed
2023-06-19T03:34:50Z,INFO,User clicked on button
2023-06-19T03:34:51Z,WARNING,User clicked on button
2023-06-19T03:34:52Z,WARNING,User registration initiated
2023-06-19T03:34:53Z,INFO,Failed to fetch data from API
2023-06-19T03:34:54Z,WARNING,Invalid login attempt detected
2023-06-19T03:34:55Z,INFO,Payment processing failed
2023-06-19T03:34:56Z,INFO,Invalid input received
2023-06-19T03:34:57Z,WARNING,Account created successfully
2023-06-19T03:34:58Z,ERROR,Payment processing failed
2023-06-19T03:34:59Z,ERROR,Account created successfully
2023-06-19T03:35:00Z,ERROR,User registration initiated
2023-06-19T03:35:01Z,INFO,User registration initiated
2023-06-19T03:35:02Z,ERROR,User logged out
2023-06-19T03:35:03Z,ERROR,Database connection failed
2023-06-19T03:35:04Z,INFO,User logged out
2023-06-19T03:35:05Z,ERROR,Database connection failed
2023-06-19T03:35:06Z,INFO,User logged out
2023-06-19T03:35:07Z,WARNING,Invalid input received
2023-06-19T03:35:08Z,ERROR,User registration initiated
2023-06-19T03:35:09Z,WARNING,Database connection failed
2023-06-19T03:35:10Z,INFO,Failed to fetch data from API
2023-06-19T03:35:11Z,INFO,Failed to fetch data from API
2023-06-19T03:35:12Z,INFO,User clicked on button
2023-06-19T03:35:13Z,WARNING,Password reset email sent
2023-06-19T03:35:14Z,ERROR,Payment processing failed
2023-06-19T03:35:15Z,INFO,Failed to fetch data from API
2023-06-19T03:35:16Z,ERROR,User clicked on button
2023-06-19T03:35:17Z,INFO,Database connection failed
2023-06-19T03:35:18Z,WARNING,Account created successfully
2023-06-19T03:35:19Z,ERROR,User registration initiated
2023-06-19T03:35:20Z,WARNING,Payment processing failed
2023-06-19T03:35:21Z,WARNING,Account created successfully
2023-06-19T03:35:22Z,WARNING,Account created successfully
2023-06-19T03:35:23Z,ERROR,Failed to fetch data from API
2023-06-19T03:35:24Z,INFO,Page loaded
2023-06-19T03:35:25Z,INFO,Payment processing failed
2023-06-19T03:35:26Z,ERROR,Page loaded
2023-06-19T03:35:27Z,ERROR,User clicked on button
2023-06-19T03:35:28Z,INFO,User logged in
2023-06-19T03:35:29Z,WARNING,User logged out
2023-06-19T03:35:30Z,WARNING,Page loaded
2023-06-19T03:35:31Z,ERROR,Invalid login attempt detected
2023-06-19T03:35:32Z,WARNING,Payment processing failed
2023-06-19T03:35:33Z,INFO,User registration initiated
2023-06-19T03:35:34Z,INFO,User logged out
2023-06-19T03:35:35Z,INFO,Account created successfully
2023-06-19T03:35:36Z,INFO,Payment processing failed
2023-06-19T03:35:37Z,ERROR,Invalid input received
2023-06-19T03:35:38Z,WARNING,User registration initiated
2023-06-19T03:35:39Z,WARNING,User clicked on button
2023-06-19T03:35:40Z,ERROR,Database connection failed
2023-06-19T03:35:41Z,ERROR,User logged out
2023-06-19T03:35:42Z,ERROR,User clicked on button
2023-06-19T03:35:43Z,INFO,Failed to fetch data from API
2023-06-19T03:35:44Z,ERROR,Invalid input received
2023-06-19T03:35:45Z,INFO,Payment processing failed
2023-06-19T03:35:46Z,WARNING,User clicked on button
2023-06-19T03:35:47Z,WARNING,Failed to fetch data from API
2023-06-19T03:35:48Z,INFO,User logged in
2023-06-19T03:35:49Z,INFO,User clicked on button
2023-06-19T03:35:50Z,INFO,User logged out
2023-06-19T03:35:51Z,WARNING,Failed to fetch data from API
2023-06-19T03:35:52Z,ERROR,Payment processing failed
2023-06-19T03:35:53Z,WARNING,Account created successfully
2023-06-19T03:35:54Z,WARNING,Failed to fetch data from API
2023-06-19T03:35:55Z,WARNING,Password reset email sent
2023-06-19T03:35:56Z,WARNING,Page loaded
2023-06-19T03:35:57Z,WARNING,Page loaded
2023-06-19T03:35:58Z,ERROR,Failed to fetch data from API
2023-06-19T03:35:59Z,INFO,User logged in
2023-06-19T03:36:00Z,ERROR,User registration initiated
2023-06-19T03:36:01Z,WARNING,Password reset email sent
2023-06-19T03:36:02Z,WARNING,User registration initiated
2023-06-19T03:36:03Z,INFO,User registration initiated
2023-06-19T03:36:04Z,INFO,User logged in
2023-06-19T03:36:05Z,INFO,User registration initiated
2023-06-19T03:36:06Z,INFO,Invalid login attempt detected
2023-06-19T03:36:07Z,INFO,User logged in
2023-06-19T03:36:08Z,ERROR,User logged out
2023-06-19T03:36:09Z,INFO,User registration initiated
2023-06-19T03:36:10Z,ERROR,User clicked on button
2023-06-19T03:36:11Z,WARNING,Invalid input received
2023-06-19T03:36:12Z,INFO,Database connection failed
2023-06-19T03:36:13Z,INFO,Invalid login attempt detected
2023-06-19T03:36:14Z,INFO,User registration initiated
2023-06-19T03:36:15Z,WARNING,Page loaded
2023-06-19T03:36:16Z,ERROR,User logged in
2023-06-19T03:36:17Z,INFO,Failed to fetch data from API
2023-06-19T03:36:18Z,WARNING,User logged out
2023-06-19T03:36:19Z,INFO,Invalid input received
2023-06-19T03:36:20Z,INFO,Payment processing failed
2023-06-19T03:36:21Z,WARNING,Invalid input received
2023-06-19T03:36:22Z,WARNING,User logged in
2023-06-19T03:36:23Z,WARNING,User logged in
2023-06-19T03:36:24Z,WARNING,Account created successfully
2023-06-19T03:36:25Z,ERROR,User clicked on button
2023-06-19T03:36:26Z,INFO,Invalid input received
2023-06-19T03:36:27Z,ERROR,Payment processing failed
2023-06-19T03:36:28Z,INFO,Account created successfully
2023-06-19T03:36:29Z,ERROR,Database connection failed
2023-06-19T03:36:30Z,ERROR,Invalid input received
2023-06-19T03:36:31Z,ERROR,User logged out
2023-06-19T03:36:32Z,WARNING,User clicked on button
2023-06-19T03:36:33Z,WARNING,Account created successfully
2023-06-19T03:36:34Z,ERROR,User registration initiated
2023-06-19T03:36:35Z,ERROR,User registration initiated
2023-06-19T03:36:36Z,WARNING,User clicked on button
2023-06-19T03:36:37Z,WARNING,Invalid input received
2023-06-19T03:36:38Z,ERROR,Account created successfully
2023-06-19T03:36:39Z,INFO,Payment processing failed
2023-06-19T03:36:40Z,ERROR,Invalid input received
2023-06-19T03:36:41Z,WARNING,Invalid input received
2023-06-19T03:36:42Z,WARNING,User registration initiated
2023-06-19T03:36:43Z,WARNING,Invalid login attempt detected
2023-06-19T03:36:44Z,WARNING,User logged out
2023-06-19T03:36:45Z,INFO,User registration initiated
2023-06-19T03:36:46Z,ERROR,Payment processing failed
2023-06-19T03:36:47Z,ERROR,Database connection failed
2023-06-19T03:36:48Z,INFO,Invalid input received
2023-06-19T03:36:49Z,WARNING,Database connection failed
2023-06-19T03:36:50Z,INFO,Database connection failed
2023-06-19T03:36:51Z,WARNING,Failed to fetch data from API
2023-06-19T03:36:52Z,WARNING,Failed to fetch data from API
2023-06-19T03:36:53Z,ERROR,User registration initiated
2023-06-19T03:36:54Z,INFO,Failed to fetch data from API
2023-06-19T03:36:55Z,WARNING,User clicked on button
2023-06-19T03:36:56Z,WARNING,Payment processing failed
2023-06-19T03:36:57Z,INFO,Database connection failed
2023-06-19T03:36:58Z,WARNING,User registration initiated
2023-06-19T03:36:59Z,ERROR,Failed to fetch data from API
2023-06-19T03:37:00Z,INFO,Invalid input received
2023-06-19T03:37:01Z,ERROR,Password reset email sent
2023-06-19T03:37:02Z,ERROR,Password reset email sent
2023-06-19T03:37:03Z,INFO,User logged in
2023-06-19T03:37:04Z,INFO,Database connection failed
2023-06-19T03:37:05Z,ERROR,Invalid input received
2023-06-19T03:37:06Z,WARNING,User logged in
2023-06-19T03:37:07Z,ERROR,User logged out
2023-06-19T03:37:08Z,ERROR,User logged in
2023-06-19T03:37:09Z,INFO,User clicked on button
2023-06-19T03:37:10Z,ERROR,Database connection failed
2023-06-19T03:37:11Z,INFO,Database connection failed
2023-06-19T03:37:12Z,WARNING,Database connection failed
2023-06-19T03:37:13Z,ERROR,Page loaded
2023-06-19T03:37:14Z,WARNING,Database connection failed
2023-06-19T03:37:15Z,ERROR,Password reset email sent
2023-06-19T03:37:16Z,INFO,Page loaded
2023-06-19T03:37:17Z,INFO,User clicked on button
2023-06-19T03:37:18Z,WARNING,Password reset email sent
2023-06-19T03:37:19Z,ERROR,Page loaded
2023-06-19T03:37:20Z,WARNING,User registration initiated
2023-06-19T03:37:21Z,INFO,Payment processing failed
2023-06-19T03:37:22Z,WARNING,User clicked on button
2023-06-19T03:37:23Z,ERROR,Database connection failed
2023-06-19T03:37:24Z,ERROR,Account created successfully
2023-06-19T03:37:25Z,WARNING,User clicked on button
2023-06-19T03:37:26Z,INFO,User logged in
2023-06-19T03:37:27Z,ERROR,Account created successfully
2023-06-19T03:37:28Z,ERROR,Password reset email sent
2023-06-19T03:37:29Z,ERROR,Failed to fetch data from API
2023-06-19T03:37:30Z,ERROR,Failed to fetch data from API
2023-06-19T03:37:31Z,INFO,User logged out
2023-06-19T03:37:32Z,WARNING,Database connection failed
2023-06-19T03:37:33Z,WARNING,Payment processing failed
2023-06-19T03:37:34Z,WARNING,Password reset email sent
2023-06-19T03:37:35Z,WARNING,User logged in
2023-06-19T03:37:36Z,WARNING,User clicked on button
2023-06-19T03:37:37Z,INFO,Invalid login attempt detected
2023-06-19T03:37:38Z,INFO,User registration initiated
2023-06-19T03:37:39Z,WARNING,Invalid login attempt detected
2023-06-19T03:37:40Z,ERROR,Invalid input received
2023-06-19T03:37:41Z,INFO,User logged out
2023-06-19T03:37:42Z,INFO,Database connection failed
2023-06-19T03:37:43Z,ERROR,User logged in
2023-06-19T03:37:44Z,INFO,Failed to fetch data from API
2023-06-19T03:37:45Z,ERROR,User logged out
2023-06-19T03:37:46Z,WARNING,Account created successfully
2023-06-19T03:37:47Z,WARNING,User registration initiated
2023-06-19T03:37:48Z,INFO,User registration initiated
2023-06-19T03:37:49Z,INFO,User logged out
2023-06-19T03:37:50Z,WARNING,Invalid login attempt detected
2023-06-19T03:37:51Z,ERROR,Database connection failed
2023-06-19T03:37:52Z,WARNING,Account created successfully
2023-06-19T03:37:53Z,ERROR,Database connection failed
2023-06-19T03:37:54Z,ERROR,Password reset email sent
2023-06-19T03:37:55Z,INFO,Page loaded
2023-06-19T03:37:56Z,ERROR,Account created successfully
2023-06-19T03:37:57Z,WARNING,Password reset email sent
2023-06-19T03:37:58Z,INFO,Page loaded
2023-06-19T03:37:59Z,WARNING,User logged in
2023-06-19T03:38:00Z,WARNING,User logged in
2023-06-19T03:38:01Z,ERROR,Failed to fetch data from API
2023-06-19T03:38:02Z,ERROR,User registration initiated
2023-06-19T03:38:03Z,ERROR,User registration initiated
2023-06-19T03:38:04Z,WARNING,Invalid input received
2023-06-19T03:38:05Z,WARNING,Invalid login attempt detected
2023-06-19T03:38:06Z,ERROR,User logged out
2023-06-19T03:38:07Z,ERROR,User registration initiated
2023-06-19T03:38:08Z,WARNING,Invalid login attempt detected
2023-06-19T03:38:09Z,INFO,Payment processing failed
2023-06-19T03:38:10Z,WARNING,User logged out
2023-06-19T03:38:11Z,ERROR,Invalid input received
2023-06-19T03:38:12Z,WARNING,User logged in
2023-06-19T03:38:13Z,INFO,Failed to fetch data from API
2023-06-19T03:38:14Z,ERROR,Invalid login attempt detected
2023-06-19T03:38:15Z,WARNING,Account created successfully
2023-06-19T03:38:16Z,ERROR,Invalid login attempt detected
2023-06-19T03:38:17Z,WARNING,User clicked on button
2023-06-19T03:38:18Z,INFO,Password reset email sent
2023-06-19T03:38:19Z,INFO,User logged out
2023-06-19T03:38:20Z,WARNING,Failed to fetch data from API
2023-06-19T03:38:21Z,INFO,Account created successfully
2023-06-19T03:38:22Z,ERROR,Page loaded
2023-06-19T03:38:23Z,WARNING,User logged in
2023-06-19T03:38:24Z,ERROR,Invalid input received
2023-06-19T03:38:25Z,ERROR,User logged out
2023-06-19T03:38:26Z,INFO,User clicked on button
2023-06-19T03:38:27Z,ERROR,Password reset email sent
2023-06-19T03:38:28Z,WARNING,Database connection failed
2023-06-19T03:38:29Z,INFO,Invalid login attempt detected
2023-06-19T03:38:30Z,WARNING,Invalid login attempt detected
2023-06-19T03:38:31Z,WARNING,User clicked on button
2023-06-19T03:38:32Z,WARNING,User logged out
2023-06-19T03:38:33Z,ERROR,User logged in
2023-06-19T03:38:34Z,INFO,Page loaded
2023-06-19T03:38:35Z,INFO,User clicked on button
2023-06-19T03:38:36Z,ERROR,Database connection failed
2023-06-19T03:38:37Z,ERROR,User registration initiated
2023-06-19T03:38:38Z,INFO,User registration initiated
2023-06-19T03:38:39Z,INFO,User registration initiated
2023-06-19T03:38:40Z,ERROR,Failed to fetch data from API
2023-06-19T03:38:41Z,INFO,User registration initiated
2023-06-19T03:38:42Z,WARNING,Failed to fetch data from API
2023-06-19T03:38:43Z,INFO,Failed to fetch data from API
2023-06-19T03:38:44Z,ERROR,Account created successfully
2023-06-19T03:38:45Z,WARNING,User logged out
2023-06-19T03:38:46Z,INFO,User registration initiated
2023-06-19T03:38:47Z,WARNING,User clicked on button
2023-06-19T03:38:48Z,WARNING,Database connection failed
2023-06-19T03:38:49Z,WARNING,Database connection failed
2023-06-19T03:38:50Z,INFO,Payment processing failed
2023-06-19T03:38:51Z,WARNING,User logged out
2023-06-19T03:38:52Z,INFO,User logged out
2023-06-19T03:38:53Z,INFO,Failed to fetch data from API
2023-06-19T03:38:54Z,WARNING,Failed to fetch data from API
2023-06-19T03:38:55Z,INFO,Payment processing failed
2023-06-19T03:38:56Z,INFO,Invalid input received
2023-06-19T03:38:57Z,INFO,User registration initiated
2023-06-19T03:38:58Z,WARNING,Database connection failed
2023-06-19T03:38:59Z,WARNING,Failed to fetch data from API
2023-06-19T03:39:00Z,INFO,User clicked on button
2023-06-19T03:39:01Z,INFO,Database connection failed
2023-06-19T03:39:02Z,INFO,Password reset email sent
2023-06-19T03:39:03Z,WARNING,Payment processing failed
2023-06-19T03:39:04Z,ERROR,Payment processing failed
2023-06-19T03:39:05Z,ERROR,User registration initiated
2023-06-19T03:39:06Z,INFO,Failed to fetch data from API
2023-06-19T03:39:07Z,ERROR,User logged out
2023-06-19T03:39:08Z,ERROR,User clicked on button
2023-06-19T03:39:09Z,WARNING,Account created successfully
2023-06-19T03:39:10Z,ERROR,User clicked on button
2023-06-19T03:39:11Z,ERROR,Page loaded
2023-06-19T03:39:12Z,INFO,Invalid login attempt detected
2023-06-19T03:39:13Z,ERROR,User logged in
2023-06-19T03:39:14Z,WARNING,Payment processing failed
2023-06-19T03:39:15Z,WARNING,User logged in
2023-06-19T03:39:16Z,ERROR,User registration initiated
2023-06-19T03:39:17Z,ERROR,Payment processing failed
2023-06-19T03:39:18Z,ERROR,User clicked on button
2023-06-19T03:39:19Z,ERROR,User logged out
2023-06-19T03:39:20Z,ERROR,Account created successfully
2023-06-19T03:39:21Z,INFO,User registration initiated
2023-06-19T03:39:22Z,ERROR,Password reset email sent
2023-06-19T03:39:23Z,WARNING,Page loaded
2023-06-19T03:39:24Z,ERROR,Payment processing failed
2023-06-19T03:39:25Z,INFO,User logged in
2023-06-19T03:39:26Z,INFO,Invalid input received
2023-06-19T03:39:27Z,ERROR,Account created successfully
2023-06-19T03:39:28Z,ERROR,Database connection failed
2023-06-19T03:39:29Z,ERROR,User clicked on button
2023-06-19T03:39:30Z,WARNING,Invalid input received
2023-06-19T03:39:31Z,ERROR,Invalid input received
2023-06-19T03:39:32Z,ERROR,Account created successfully
2023-06-19T03:39:33Z,INFO,User registration initiated
2023-06-19T03:39:34Z,WARNING,User clicked on button
2023-06-19T03:39:35Z,INFO,User registration initiated
2023-06-19T03:39:36Z,WARNING,Invalid login attempt detected
2023-06-19T03:39:37Z,ERROR,Invalid input received
2023-06-19T03:39:38Z,WARNING,Page loaded
2023-06-19T03:39:39Z,WARNING,Password reset email sent
2023-06-19T03:39:40Z,WARNING,Invalid input received
2023-06-19T03:39:41Z,ERROR,Password reset email sent
2023-06-19T03:39:42Z,ERROR,Failed to fetch data from API
2023-06-19T03:39:43Z,ERROR,User logged in
2023-06-19T03:39:44Z,WARNING,Failed to fetch data from API
2023-06-19T03:39:45Z,WARNING,Invalid input received
2023-06-19T03:39:46Z,INFO,Page loaded
2023-06-19T03:39:47Z,WARNING,Password reset email sent
2023-06-19T03:39:48Z,ERROR,Page loaded
2023-06-19T03:39:49Z,WARNING,Payment processing failed
2023-06-19T03:39:50Z,INFO,Account created successfully
2023-06-19T03:39:51Z,ERROR,Payment processing failed
2023-06-19T03:39:52Z,ERROR,Account created successfully
2023-06-19T03:39:53Z,WARNING,Invalid input received
2023-06-19T03:39:54Z,INFO,Password reset email sent
2023-06-19T03:39:55Z,ERROR,User logged out
2023-06-19T03:39:56Z,WARNING,User logged in
2023-06-19T03:39:57Z,ERROR,User logged in
2023-06-19T03:39:58Z,WARNING,Failed to fetch data from API
2023-06-19T03:39:59Z,ERROR,Database connection failed
2023-06-19T03:40:00Z,INFO,Database connection failed
2023-06-19T03:40:01Z,ERROR,User clicked on button
2023-06-19T03:40:02Z,WARNING,Page loaded
2023-06-19T03:40:03Z,ERROR,User clicked on button
2023-06-19T03:40:04Z,WARNING,Page loaded
2023-06-19T03:40:05Z,INFO,Invalid login attempt detected
2023-06-19T03:40:06Z,INFO,Invalid login attempt detected
2023-06-19T03:40:07Z,INFO,Invalid input received
2023-06-19T03:40:08Z,INFO,Password reset email sent
2023-06-19T03:40:09Z,WARNING,Invalid input received
2023-06-19T03:40:10Z,INFO,Invalid login attempt detected
2023-06-19T03:40:11Z,ERROR,Invalid login attempt detected
2023-06-19T03:40:12Z,ERROR,User logged in
2023-06-19T03:40:13Z,WARNING,Password reset email sent
2023-06-19T03:40:14Z,WARNING,Account created successfully
2023-06-19T03:40:15Z,ERROR,User registration initiated
2023-06-19T03:40:16Z,INFO,Payment processing failed
2023-06-19T03:40:17Z,WARNING,Page loaded
2023-06-19T03:40:18Z,WARNING,Invalid input received
2023-06-19T03:40:19Z,ERROR,Payment processing failed
2023-06-19T03:40:20Z,ERROR,Invalid login attempt detected
2023-06-19T03:40:21Z,WARNING,Database connection failed
2023-06-19T03:40:22Z,WARNING,User clicked on button
2023-06-19T03:40:23Z,INFO,User clicked on button
2023-06-19T03:40:24Z,ERROR,User logged out
2023-06-19T03:40:25Z,ERROR,Invalid input received
2023-06-19T03:40:26Z,INFO,User registration initiated
2023-06-19T03:40:27Z,INFO,Database connection failed
2023-06-19T03:40:28Z,INFO,Failed to fetch data from API
2023-06-19T03:40:29Z,WARNING,Payment processing failed
2023-06-19T03:40:30Z,WARNING,Payment processing failed
2023-06-19T03:40:31Z,ERROR,Invalid input received
2023-06-19T03:40:32Z,INFO,Failed to fetch data from API
2023-06-19T03:40:33Z,WARNING,Invalid login attempt detected
2023-06-19T03:40:34Z,INFO,Password reset email sent
2023-06-19T03:40:35Z,WARNING,Invalid input received
2023-06-19T03:40:36Z,INFO,Invalid input received
2023-06-19T03:40:37Z,INFO,Invalid login attempt detected
2023-06-19T03:40:38Z,ERROR,Password reset email sent
2023-06-19T03:40:39Z,WARNING,User logged out
2023-06-19T03:40:40Z,ERROR,Page loaded
2023-06-19T03:40:41Z,ERROR,Failed to fetch data from API
2023-06-19T03:40:42Z,INFO,Failed to fetch data from API
2023-06-19T03:40:43Z,INFO,User clicked on button
2023-06-19T03:40:44Z,WARNING,Invalid login attempt detected
2023-06-19T03:40:45Z,INFO,Invalid input received
2023-06-19T03:40:46Z,ERROR,Account created successfully
2023-06-19T03:40:47Z,ERROR,User registration initiated
2023-06-19T03:40:48Z,ERROR,Failed to fetch data from API
2023-06-19T03:40:49Z,INFO,User clicked on button
2023-06-19T03:40:50Z,ERROR,User logged in
2023-06-19T03:40:51Z,ERROR,Invalid login attempt detected
2023-06-19T03:40:52Z,INFO,Database connection failed
2023-06-19T03:40:53Z,WARNING,User logged out
2023-06-19T03:40:54Z,WARNING,Account created successfully
2023-06-19T03:40:55Z,INFO,Password reset email sent
2023-06-19T03:40:56Z,ERROR,User logged out
2023-06-19T03:40:57Z,WARNING,Invalid input received
2023-06-19T03:40:58Z,WARNING,Password reset email sent
2023-06-19T03:40:59Z,WARNING,Invalid login attempt detected
2023-06-19T03:41:00Z,ERROR,Database connection failed
2023-06-19T03:41:01Z,WARNING,Invalid login attempt detected
2023-06-19T03:41:02Z,ERROR,User logged in
2023-06-19T03:41:03Z,WARNING,Database connection failed
2023-06-19T03:41:04Z,ERROR,User logged in
2023-06-19T03:41:05Z,WARNING,Payment processing failed
2023-06-19T03:41:06Z,ERROR,Payment processing failed
2023-06-19T03:41:07Z,ERROR,Page loaded
2023-06-19T03:41:08Z,ERROR,User clicked on button
2023-06-19T03:41:09Z,ERROR,User logged out
2023-06-19T03:41:10Z,ERROR,Invalid input received
2023-06-19T03:41:11Z,ERROR,Page loaded
2023-06-19T03:41:12Z,INFO,Database connection failed
2023-06-19T03:41:13Z,INFO,Page loaded
2023-06-19T03:41:14Z,INFO,Failed to fetch data from API
2023-06-19T03:41:15Z,INFO,Password reset email sent
2023-06-19T03:41:16Z,ERROR,User logged out
2023-06-19T03:41:17Z,WARNING,Database connection failed
2023-06-19T03:41:18Z,INFO,Payment processing failed
2023-06-19T03:41:19Z,WARNING,Page loaded
2023-06-19T03:41:20Z,INFO,Page loaded
2023-06-19T03:41:21Z,WARNING,User clicked on button
2023-06-19T03:41:22Z,WARNING,Payment processing failed
2023-06-19T03:41:23Z,WARNING,Password reset email sent
2023-06-19T03:41:24Z,ERROR,Invalid login attempt detected
2023-06-19T03:41:25Z,INFO,Page loaded
2023-06-19T03:41:26Z,ERROR,Payment processing failed
2023-06-19T03:41:27Z,WARNING,Account created successfully
2023-06-19T03:41:28Z,ERROR,Password reset email sent
2023-06-19T03:41:29Z,ERROR,Failed to fetch data from API
2023-06-19T03:41:30Z,ERROR,Password reset email sent
2023-06-19T03:41:31Z,ERROR,User logged out
2023-06-19T03:41:32Z,WARNING,Password reset email sent
2023-06-19T03:41:33Z,INFO,User registration initiated
2023-06-19T03:41:34Z,INFO,Password reset email sent
2023-06-19T03:41:35Z,ERROR,User registration initiated
2023-06-19T03:41:36Z,ERROR,Invalid login attempt detected
2023-06-19T03:41:37Z,WARNING,User logged out
2023-06-19T03:41:38Z,INFO,User registration initiated
2023-06-19T03:41:39Z,ERROR,Database connection failed
2023-06-19T03:41:40Z,WARNING,User registration initiated
2023-06-19T03:41:41Z,ERROR,User registration initiated
2023-06-19T03:41:42Z,WARNING,User registration initiated
2023-06-19T03:41:43Z,INFO,Account created successfully
2023-06-19T03:41:44Z,INFO,User clicked on button
2023-06-19T03:41:45Z,INFO,Failed to fetch data from API
2023-06-19T03:41:46Z,ERROR,Password reset email sent
2023-06-19T03:41:47Z,ERROR,Account created successfully
2023-06-19T03:41:48Z,ERROR,User logged out
2023-06-19T03:41:49Z,WARNING,Invalid input received
2023-06-19T03:41:50Z,ERROR,User logged out
2023-06-19T03:41:51Z,ERROR,User logged out
2023-06-19T03:41:52Z,WARNING,Page loaded
2023-06-19T03:41:53Z,WARNING,Password reset email sent
2023-06-19T03:41:54Z,ERROR,Payment processing failed
2023-06-19T03:41:55Z,WARNING,Payment processing failed
2023-06-19T03:41:56Z,ERROR,Password reset email sent
2023-06-19T03:41:57Z,ERROR,Invalid login attempt detected
2023-06-19T03:41:58Z,INFO,User clicked on button
2023-06-19T03:41:59Z,INFO,Failed to fetch data from API
2023-06-19T03:42:00Z,ERROR,Password reset email sent
2023-06-19T03:42:01Z,WARNING,Payment processing failed
2023-06-19T03:42:02Z,ERROR,Page loaded
2023-06-19T03:42:03Z,ERROR,User logged out
2023-06-19T03:42:04Z,WARNING,Invalid input received
2023-06-19T03:42:05Z,WARNING,User logged in
2023-06-19T03:42:06Z,ERROR,Failed to fetch data from API
2023-06-19T03:42:07Z,ERROR,Payment processing failed
2023-06-19T03:42:08Z,ERROR,User logged in
2023-06-19T03:42:09Z,INFO,Password reset email sent
2023-06-19T03:42:10Z,WARNING,Failed to fetch data from API
2023-06-19T03:42:11Z,WARNING,Failed to fetch data from API
2023-06-19T03:42:12Z,INFO,User logged in
2023-06-19T03:42:13Z,ERROR,User clicked on button
2023-06-19T03:42:14Z,INFO,Database connection failed
2023-06-19T03:42:15Z,WARNING,User clicked on button
2023-06-19T03:42:16Z,WARNING,User logged in
2023-06-19T03:42:17Z,WARNING,Page loaded
2023-06-19T03:42:18Z,INFO,User clicked on button
2023-06-19T03:42:19Z,ERROR,User logged out
2023-06-19T03:42:20Z,ERROR,Account created successfully
2023-06-19T03:42:21Z,ERROR,Password reset email sent
2023-06-19T03:42:22Z,WARNING,User logged in
2023-06-19T03:42:23Z,ERROR,Invalid login attempt detected
2023-06-19T03:42:24Z,ERROR,User logged out
2023-06-19T03:42:25Z,INFO,User logged in
2023-06-19T03:42:26Z,WARNING,Invalid login attempt detected
2023-06-19T03:42:27Z,WARNING,Invalid login attempt detected
2023-06-19T03:42:28Z,WARNING,Password reset email sent
2023-06-19T03:42:29Z,ERROR,User clicked on button
2023-06-19T03:42:30Z,ERROR,Page loaded
2023-06-19T03:42:31Z,INFO,User clicked on button
2023-06-19T03:42:32Z,INFO,User logged out
2023-06-19T03:42:33Z,INFO,Page loaded
2023-06-19T03:42:34Z,INFO,Invalid input received
2023-06-19T03:42:35Z,ERROR,Database connection failed
2023-06-19T03:42:36Z,WARNING,Password reset email sent
2023-06-19T03:42:37Z,INFO,User clicked on button
2023-06-19T03:42:38Z,INFO,User logged in
2023-06-19T03:42:39Z,WARNING,Invalid login attempt detected
2023-06-19T03:42:40Z,WARNING,User logged in
2023-06-19T03:42:41Z,ERROR,Payment processing failed
2023-06-19T03:42:42Z,ERROR,Failed to fetch data from API
2023-06-19T03:42:43Z,WARNING,User registration initiated
2023-06-19T03:42:44Z,ERROR,Account created successfully
2023-06-19T03:42:45Z,WARNING,Password reset email sent
2023-06-19T03:42:46Z,INFO,Invalid input received
2023-06-19T03:42:47Z,WARNING,Payment processing failed
2023-06-19T03:42:48Z,WARNING,User logged in
2023-06-19T03:42:49Z,INFO,Page loaded
2023-06-19T03:42:50Z,WARNING,User logged out
2023-06-19T03:42:51Z,WARNING,Invalid input received
2023-06-19T03:42:52Z,INFO,User logged in
2023-06-19T03:42:53Z,ERROR,User clicked on button
2023-06-19T03:42:54Z,WARNING,User logged in
2023-06-19T03:42:55Z,WARNING,User registration initiated
2023-06-19T03:42:56Z,INFO,Payment processing failed
2023-06-19T03:42:57Z,ERROR,User logged in
2023-06-19T03:42:58Z,INFO,Database connection failed
2023-06-19T03:42:59Z,WARNING,Page loaded
2023-06-19T03:43:00Z,INFO,Failed to fetch data from API
2023-06-19T03:43:01Z,INFO,User logged out
2023-06-19T03:43:02Z,WARNING,Payment processing failed
2023-06-19T03:43:03Z,WARNING,Failed to fetch data from API
2023-06-19T03:43:04Z,ERROR,Invalid input received
2023-06-19T03:43:05Z,ERROR,User registration initiated
2023-06-19T03:43:06Z,WARNING,User logged in
2023-06-19T03:43:07Z,ERROR,Password reset email sent
2023-06-19T03:43:08Z,WARNING,Page loaded
2023-06-19T03:43:09Z,INFO,Password reset email sent
2023-06-19T03:43:10Z,WARNING,Invalid login attempt detected
2023-06-19T03:43:11Z,INFO,Page loaded
2023-06-19T03:43:12Z,INFO,Payment processing failed
2023-06-19T03:43:13Z,ERROR,Invalid input received
2023-06-19T03:43:14Z,ERROR,Database connection failed
2023-06-19T03:43:15Z,ERROR,Page loaded
2023-06-19T03:43:16Z,ERROR,Account created successfully
2023-06-19T03:43:17Z,ERROR,User logged out
2023-06-19T03:43:18Z,INFO,User logged in
2023-06-19T03:43:19Z,INFO,Failed to fetch data from API
2023-06-19T03:43:20Z,WARNING,Failed to fetch data from API
2023-06-19T03:43:21Z,WARNING,Page loaded
2023-06-19T03:43:22Z,INFO,Page loaded
2023-06-19T03:43:23Z,INFO,Invalid input received
2023-06-19T03:43:24Z,ERROR,User clicked on button
2023-06-19T03:43:25Z,INFO,User registration initiated
2023-06-19T03:43:26Z,WARNING,Invalid login attempt detected
2023-06-19T03:43:27Z,WARNING,User logged out
2023-06-19T03:43:28Z,ERROR,User clicked on button
2023-06-19T03:43:29Z,WARNING,Payment processing failed
2023-06-19T03:43:30Z,WARNING,Invalid login attempt detected
2023-06-19T03:43:31Z,WARNING,Password reset email sent
2023-06-19T03:43:32Z,WARNING,Failed to fetch data from API
2023-06-19T03:43:33Z,INFO,Invalid input received
2023-06-19T03:43:34Z,ERROR,User clicked on button
2023-06-19T03:43:35Z,INFO,User logged out
2023-06-19T03:43:36Z,ERROR,Page loaded
2023-06-19T03:43:37Z,INFO,User clicked on button
2023-06-19T03:43:38Z,WARNING,Database connection failed
2023-06-19T03:43:39Z,INFO,User registration initiated
2023-06-19T03:43:40Z,INFO,User registration initiated
2023-06-19T03:43:41Z,ERROR,User clicked on button
2023-06-19T03:43:42Z,INFO,User clicked on button
2023-06-19T03:43:43Z,WARNING,User logged out
2023-06-19T03:43:44Z,ERROR,Payment processing failed
2023-06-19T03:43:45Z,INFO,Database connection failed
2023-06-19T03:43:46Z,INFO,Account created successfully
2023-06-19T03:43:47Z,WARNING,Password reset email sent
2023-06-19T03:43:48Z,INFO,User logged out
2023-06-19T03:43:49Z,INFO,Invalid login attempt detected
2023-06-19T03:43:50Z,WARNING,User clicked on button
2023-06-19T03:43:51Z,INFO,Database connection failed
2023-06-19T03:43:52Z,WARNING,Page loaded
2023-06-19T03:43:53Z,ERROR,User logged out
2023-06-19T03:43:54Z,WARNING,Account created successfully
2023-06-19T03:43:55Z,ERROR,Password reset email sent
2023-06-19T03:43:56Z,INFO,User logged in
2023-06-19T03:43:57Z,ERROR,Password reset email sent
2023-06-19T03:43:58Z,WARNING,Invalid input received
2023-06-19T03:43:59Z,ERROR,Page loaded
2023-06-19T03:44:00Z,ERROR,Account created successfully
2023-06-19T03:44:01Z,ERROR,User clicked on button
2023-06-19T03:44:02Z,ERROR,Database connection failed
2023-06-19T03:44:03Z,INFO,Invalid login attempt detected
2023-06-19T03:44:04Z,WARNING,User logged out
2023-06-19T03:44:05Z,INFO,Account created successfully
2023-06-19T03:44:06Z,ERROR,Account created successfully
2023-06-19T03:44:07Z,INFO,User logged in
2023-06-19T03:44:08Z,WARNING,User registration initiated
2023-06-19T03:44:09Z,WARNING,User logged out
2023-06-19T03:44:10Z,WARNING,Account created successfully
2023-06-19T03:44:11Z,WARNING,User logged in
2023-06-19T03:44:12Z,WARNING,Database connection failed
2023-06-19T03:44:13Z,INFO,Account created successfully
2023-06-19T03:44:14Z,WARNING,Account created successfully
2023-06-19T03:44:15Z,WARNING,User clicked on button
2023-06-19T03:44:16Z,ERROR,User logged in
2023-06-19T03:44:17Z,ERROR,User clicked on button
2023-06-19T03:44:18Z,ERROR,Page loaded
2023-06-19T03:44:19Z,INFO,User clicked on button
2023-06-19T03:44:20Z,WARNING,Failed to fetch data from API
2023-06-19T03:44:21Z,ERROR,User logged in
2023-06-19T03:44:22Z,WARNING,User logged in
2023-06-19T03:44:23Z,WARNING,Page loaded
2023-06-19T03:44:24Z,WARNING,Database connection failed
2023-06-19T03:44:25Z,WARNING,Invalid input received
2023-06-19T03:44:26Z,INFO,Invalid login attempt detected
2023-06-19T03:44:27Z,WARNING,Failed to fetch data from API
2023-06-19T03:44:28Z,INFO,Page loaded
2023-06-19T03:44:29Z,WARNING,Invalid login attempt detected
